epoch,dice,fg_f1,fg_precision,fg_recall,loss
0,0.859134316444397,0.8591278791427612,0.7785208225250244,0.9776618480682373,0.09679698944091797
0,0.8977257609367371,0.8977207541465759,0.8487208485603333,0.9747187495231628,0.07372507452964783
0,0.8378238677978516,0.8378169536590576,0.7436951398849487,0.9847274422645569,0.09761156141757965
