epoch,dice,fg_f1,fg_precision,fg_recall,loss
0,0.510269045829773,0.0,0.0,0.0,0.05252133682370186
