epoch,dice,fg_f1,fg_precision,fg_recall,loss
0,0.8512417674064636,0.8512352108955383,0.7511082887649536,0.9975645542144775,0.11382774263620377
