epoch,dice,fg_f1,fg_precision,fg_recall,loss
0,0.8651432394981384,0.8651371598243713,0.7947326898574829,0.969488799571991,0.0974719226360321
