epoch,dice,fg_f1,fg_precision,fg_recall,loss
0,0.8173607587814331,0.8173536658287048,0.7276967167854309,0.9810607433319092,0.051317211240530014
