epoch,dice,fg_f1,fg_precision,fg_recall,loss
0,0.0167575441300869,0.016756849363446236,0.00846080668270588,1.0,0.7494606971740723
