epoch,dice,fg_f1,fg_precision,fg_recall,loss
0,2.3955493816174567e-05,1.9917044483008794e-05,1.1063107194786426e-05,0.00010079813364427537,0.6838977932929993
