epoch,dice,fg_f1,fg_precision,fg_recall,loss
0,0.8727009296417236,0.8726950287818909,0.7992503046989441,0.9765631556510925,0.06597167998552322
