epoch,dice,fg_f1,fg_precision,fg_recall,loss,val_dice,val_fg_f1,val_fg_precision,val_fg_recall,val_loss
0,0.13955888152122498,0.1395544707775116,0.07851527631282806,0.9029479622840881,0.6784616708755493,0.030906103551387787,0.030905025079846382,0.015766717493534088,1.0,15.739652633666992
