epoch,dice,fg_f1,fg_precision,fg_recall,loss
0,0.8373395204544067,0.8373326659202576,0.7544915676116943,0.9744418263435364,0.11040312051773071
