epoch,dice,fg_f1,fg_precision,fg_recall,loss
0,0.8678944110870361,0.8678882122039795,0.802022397518158,0.9648423790931702,0.0917741060256958
