epoch,dice,fg_f1,fg_precision,fg_recall,loss
0,0.7521698474884033,0.5557761788368225,0.7564552426338196,0.52659672498703,0.011148576624691486
