epoch,dice,fg_f1,fg_precision,fg_recall,loss
0,0.8645114898681641,0.8645053505897522,0.8472840189933777,0.9138624668121338,0.0754493847489357
