epoch,dice,fg_f1,fg_precision,fg_recall,loss
0,0.8365392684936523,0.8365323543548584,0.7414165139198303,0.9845471978187561,0.07904934138059616
