epoch,dice,fg_f1,fg_precision,fg_recall,loss
0,0.8482409715652466,0.8482344150543213,0.7577980756759644,0.9884682893753052,0.10232996940612793
