epoch,dice,fg_f1,fg_precision,fg_recall,loss
0,0.8358607292175293,0.8358538150787354,0.7759119272232056,0.9468659162521362,0.09497484564781189
