epoch,dice,fg_f1,fg_precision,fg_recall,loss
0,0.8816577792167664,0.8816520571708679,0.8416973352432251,0.9514970779418945,0.07188037037849426
