epoch,dice,fg_f1,fg_precision,fg_recall,loss
0,0.8586994409561157,0.8586932420730591,0.7987734079360962,0.9642691016197205,0.09925568103790283
