epoch,dice,fg_f1,fg_precision,fg_recall,loss
0,0.7628213763237,0.5398653149604797,0.7932799458503723,0.45512115955352783,0.010752911679446697
