epoch,dice,fg_f1,fg_precision,fg_recall,loss
0,0.712721049785614,0.4748693108558655,0.6521795392036438,0.4245111346244812,0.014137588441371918
