epoch,dice,fg_f1,fg_precision,fg_recall,loss
0,0.714722216129303,0.44610387086868286,0.7645137906074524,0.37728336453437805,0.014137695543467999
