epoch,dice,fg_f1,fg_precision,fg_recall,loss
0,0.0003729812160599977,0.00037061594775877893,0.00019365204207133502,0.004783885553479195,0.6862708330154419
