epoch,dice,fg_f1,fg_precision,fg_recall,loss
0,0.7427895665168762,0.5169325470924377,0.639655351638794,0.47709617018699646,0.011004205793142319
