epoch,dice,fg_f1,fg_precision,fg_recall,loss
0,0.8312634825706482,0.8312565088272095,0.7676704525947571,0.9498295187950134,0.08752384781837463
