epoch,dice,fg_f1,fg_precision,fg_recall,loss
0,0.8125220537185669,0.8125143647193909,0.7252723574638367,0.962117075920105,0.11938377469778061
