epoch,dice,fg_f1,fg_precision,fg_recall,loss
0,0.8658103942871094,0.8658043742179871,0.8002395629882812,0.9690545201301575,0.1104617789387703
