epoch,dice,fg_f1,fg_precision,fg_recall,loss
0,0.8714552521705627,0.87144935131073,0.7910084128379822,0.983691930770874,0.041188545525074005
