epoch,dice,fg_f1,fg_precision,fg_recall,loss,val_dice,val_fg_f1,val_fg_precision,val_fg_recall,val_loss
0,0.08093225955963135,0.08092935383319855,0.042884234338998795,0.9010989665985107,0.7381117939949036,0.045071616768836975,0.04507007449865341,0.023225799202919006,0.9999874830245972,2.1551294326782227
1,0.29454052448272705,0.29453301429748535,0.18221528828144073,0.9567673802375793,0.5755576491355896,0.060604579746723175,0.06060253828763962,0.03157956153154373,1.0,2.285644054412842
2,0.47808948159217834,0.47807982563972473,0.337255597114563,0.9479344487190247,0.4832575023174286,0.094792939722538,0.09478979557752609,0.05047483742237091,0.9999386668205261,1.4374669790267944
3,0.49783024191856384,0.497820645570755,0.35350126028060913,0.9380356669425964,0.4829219579696655,0.06902024149894714,0.06901790201663971,0.03615371882915497,0.9963427782058716,2.4248170852661133
4,0.6296877264976501,0.6296788454055786,0.5008364319801331,0.9304419755935669,0.4295513331890106,0.11170828342437744,0.111704520881176,0.06023399159312248,0.9879933595657349,1.275104284286499
