epoch,dice,fg_f1,fg_precision,fg_recall,loss
0,0.7243949174880981,0.5407388806343079,0.642840564250946,0.5221412777900696,0.011176588013768196
