epoch,dice,fg_f1,fg_precision,fg_recall,loss
0,0.7537119388580322,0.7537025213241577,0.653461217880249,0.9468184113502502,0.15320271253585815
