epoch,dice,fg_f1,fg_precision,fg_recall,loss
0,0.8632833957672119,0.8632771968841553,0.786424994468689,0.9742434024810791,0.11817266047000885
