epoch,dice,fg_f1,fg_precision,fg_recall,loss
0,0.8721426725387573,0.8721367716789246,0.7975208759307861,0.9861024022102356,0.07432052493095398
